timestamp,fps,command,dist_l,dist_c,dist_r,object_detected
15:30:54,1.08,STOP - JALAN TERBLOKIR,0.79,0.77,0.74,None
15:30:55,5.93,STOP - JALAN TERBLOKIR,1.22,0.76,0.38,"umbrella, person"
15:30:55,6.65,HATI-HATI - KURANGI KECEPATAN,1.18,0.87,0.35,person
15:30:55,8.31,STOP - AMBIL KANAN,1.13,0.38,1.68,person
15:30:55,7.86,STOP - AMBIL KANAN,1.22,0.36,1.66,person
15:30:55,9.11,STOP - AMBIL KANAN,0.97,0.35,1.6,"umbrella, person"
15:30:55,8.89,STOP - AMBIL KANAN,1.14,0.35,1.67,"umbrella, person"
15:30:55,9.39,STOP - AMBIL KANAN,1.22,0.37,1.9,person
15:30:55,8.66,STOP - JALAN TERBLOKIR,1.14,0.8,0.36,person
15:30:56,8.89,STOP - AMBIL KANAN,1.21,0.37,1.62,person
15:30:56,8.4,HATI-HATI - KURANGI KECEPATAN,1.44,0.84,0.38,person
15:30:56,6.73,STOP - JALAN TERBLOKIR,1.17,0.68,0.35,person
15:30:56,6.21,STOP - AMBIL KANAN,1.38,0.38,1.84,person
15:30:56,7.17,STOP - AMBIL KANAN,1.15,0.36,1.66,person
15:30:56,6.9,STOP - JALAN TERBLOKIR,1.06,0.35,1.36,person
15:30:57,7.84,STOP - JALAN TERBLOKIR,1.04,0.73,0.36,person
15:30:57,9.95,STOP - AMBIL KANAN,1.13,0.35,1.51,person
15:30:57,9.05,STOP - JALAN TERBLOKIR,1.05,0.7,0.35,person
15:30:57,8.44,STOP - AMBIL KANAN,0.79,0.35,1.53,"cell phone, person"
15:30:57,8.81,STOP - JALAN TERBLOKIR,1.23,0.35,1.44,person
15:30:57,8.26,STOP - AMBIL KANAN,1.15,0.34,1.76,person
15:30:57,8.89,STOP - JALAN TERBLOKIR,1.09,0.76,0.35,person
15:30:57,8.81,STOP - AMBIL KANAN,1.25,0.35,1.64,"cell phone, person"
15:30:57,8.55,STOP - AMBIL KANAN,1.23,0.35,1.66,person
15:30:58,8.23,STOP - AMBIL KANAN,1.12,0.36,1.7,person
15:30:58,9.01,STOP - AMBIL KANAN,1.19,0.35,1.57,"cell phone, person"
15:30:58,9.48,STOP - JALAN TERBLOKIR,1.3,0.34,0.32,"cell phone, person"
15:30:58,8.97,STOP - JALAN TERBLOKIR,1.06,0.71,0.36,person
15:30:58,10.05,STOP - JALAN TERBLOKIR,1.14,0.42,0.37,"cell phone, person"
15:30:58,9.61,STOP - AMBIL KANAN,1.1,0.35,1.63,person
15:30:58,8.3,STOP - JALAN TERBLOKIR,1.05,0.68,0.36,person
15:30:59,1.89,STOP - AMBIL KANAN,1.09,0.37,1.58,person
15:30:59,1.84,STOP - AMBIL KANAN,1.13,0.36,1.78,person
15:31:00,1.83,STOP - AMBIL KANAN,1.16,0.35,1.62,person
15:31:01,1.83,STOP - AMBIL KANAN,1.19,0.37,1.8,person
15:31:01,1.77,STOP - AMBIL KANAN,1.26,0.39,1.87,person
15:31:02,1.79,STOP - AMBIL KANAN,1.15,0.36,1.71,person
15:31:02,2.0,STOP - AMBIL KANAN,1.41,0.35,1.59,person
15:31:03,1.79,STOP - AMBIL KANAN,1.14,0.36,1.59,person
15:31:03,1.81,STOP - AMBIL KANAN,1.08,0.36,1.69,person
15:31:04,1.84,STOP - JALAN TERBLOKIR,1.33,0.37,1.47,person
15:31:04,1.88,STOP - AMBIL KANAN,1.22,0.37,1.65,person
15:31:05,1.96,STOP - JALAN TERBLOKIR,1.13,0.37,1.41,person
15:31:05,6.01,STOP - AMBIL KANAN,1.17,0.37,1.89,person
15:31:05,8.03,STOP - AMBIL KANAN,1.18,0.37,1.69,person
15:31:05,8.16,STOP - AMBIL KANAN,1.23,0.35,1.63,person
15:31:06,8.36,STOP - AMBIL KANAN,1.03,0.34,1.66,person
15:31:06,9.39,STOP - AMBIL KANAN,1.04,0.37,1.59,person
15:31:06,8.89,STOP - JALAN TERBLOKIR,1.02,0.36,1.41,person
15:31:06,8.66,STOP - AMBIL KANAN,1.21,0.35,1.58,person
15:31:06,8.89,STOP - JALAN TERBLOKIR,1.17,0.36,1.36,person
15:31:06,8.75,STOP - AMBIL KANAN,1.03,0.35,1.5,person
15:31:06,8.23,STOP - JALAN TERBLOKIR,1.19,0.35,1.39,person
15:31:06,8.58,STOP - AMBIL KANAN,1.27,0.36,1.52,person
15:31:07,8.19,STOP - AMBIL KANAN,1.21,0.35,1.53,person
15:31:07,8.44,STOP - AMBIL KANAN,1.16,0.37,1.62,person
15:31:07,8.1,STOP - JALAN TERBLOKIR,1.17,0.36,1.42,person
15:31:07,9.3,STOP - AMBIL KANAN,1.11,0.36,1.54,person
15:31:07,9.32,STOP - AMBIL KANAN,1.12,0.35,1.55,person
15:31:07,8.81,STOP - JALAN TERBLOKIR,1.16,0.35,1.49,person
15:31:07,8.81,STOP - JALAN TERBLOKIR,1.28,0.37,0.35,"cell phone, person"
15:31:07,9.13,STOP - AMBIL KANAN,1.25,0.36,1.53,person
15:31:08,8.73,STOP - AMBIL KANAN,1.1,0.37,1.5,person
15:31:08,9.3,STOP - AMBIL KANAN,1.3,0.36,1.56,person
15:31:08,9.05,STOP - JALAN TERBLOKIR,1.17,0.37,1.44,person
15:31:08,9.13,STOP - AMBIL KANAN,1.07,0.38,1.65,person
15:31:08,8.44,STOP - JALAN TERBLOKIR,1.14,0.36,0.35,"cell phone, person"
15:31:08,9.02,STOP - JALAN TERBLOKIR,1.08,0.35,0.34,"cell phone, person"
15:31:08,8.89,STOP - AMBIL KANAN,1.21,0.36,1.56,"cell phone, person"
15:31:08,9.48,STOP - AMBIL KANAN,1.3,0.37,1.6,person
15:31:09,7.65,STOP - AMBIL KANAN,1.25,0.36,1.73,person
15:31:09,8.28,STOP - AMBIL KANAN,0.78,0.36,1.52,"cell phone, person"
15:31:09,8.44,STOP - JALAN TERBLOKIR,1.11,0.37,0.35,"cell phone, person"
15:31:09,7.46,STOP - JALAN TERBLOKIR,1.2,0.36,1.35,person
15:31:09,8.03,STOP - JALAN TERBLOKIR,1.24,0.62,0.37,person
15:31:09,8.66,STOP - JALAN TERBLOKIR,1.22,0.38,1.3,person
15:31:09,7.66,STOP - JALAN TERBLOKIR,1.3,0.38,1.34,person
15:31:10,8.37,STOP - JALAN TERBLOKIR,1.37,0.36,1.41,person
15:31:10,10.05,STOP - JALAN TERBLOKIR,1.3,0.37,1.33,person
15:31:10,9.06,STOP - JALAN TERBLOKIR,1.25,0.37,1.39,person
15:31:10,8.89,STOP - JALAN TERBLOKIR,0.85,0.39,1.3,"cell phone, person"
15:31:10,9.39,STOP - JALAN TERBLOKIR,0.71,0.38,1.11,"cell phone, person"
15:31:10,7.66,STOP - AMBIL KIRI,1.58,0.4,1.21,person
15:31:10,8.97,STOP - JALAN TERBLOKIR,1.34,0.39,1.3,person
15:31:10,7.6,STOP - AMBIL KANAN,1.27,0.41,1.61,person
15:31:11,7.43,STOP - AMBIL KANAN,1.45,0.38,1.58,person
15:31:11,6.99,STOP - AMBIL KANAN,1.2,0.38,1.55,person
15:31:11,6.87,STOP - JALAN TERBLOKIR,1.33,0.42,1.35,person
15:31:11,7.22,STOP - JALAN TERBLOKIR,1.16,0.39,1.41,person
15:31:11,7.93,STOP - JALAN TERBLOKIR,1.19,0.43,1.36,person
15:31:11,7.38,STOP - JALAN TERBLOKIR,1.24,0.49,1.45,"cell phone, person"
15:31:11,7.46,STOP - JALAN TERBLOKIR,1.06,0.46,0.47,"umbrella, person"
15:31:12,8.1,STOP - JALAN TERBLOKIR,1.16,0.47,0.48,person
15:31:12,8.97,STOP - JALAN TERBLOKIR,1.13,0.46,0.47,person
15:31:12,8.66,STOP - JALAN TERBLOKIR,1.14,0.47,0.48,person
15:31:12,8.19,STOP - JALAN TERBLOKIR,1.15,0.46,0.49,person
15:31:12,8.13,STOP - JALAN TERBLOKIR,1.28,0.44,0.49,person
15:31:12,8.09,STOP - JALAN TERBLOKIR,1.2,0.43,0.48,"knife, person"
15:31:12,7.2,STOP - JALAN TERBLOKIR,1.31,0.47,0.51,person
15:31:12,7.45,STOP - JALAN TERBLOKIR,1.21,0.46,0.54,"umbrella, person"
15:31:13,8.58,STOP - JALAN TERBLOKIR,1.3,0.44,0.5,person
15:31:13,8.51,STOP - JALAN TERBLOKIR,1.25,0.45,0.49,person
15:31:13,8.2,STOP - JALAN TERBLOKIR,1.3,0.47,0.49,person
15:31:13,8.37,STOP - JALAN TERBLOKIR,1.37,0.45,0.5,person
15:31:13,7.93,STOP - JALAN TERBLOKIR,1.39,0.45,0.49,person
15:31:13,7.75,STOP - JALAN TERBLOKIR,1.22,0.45,0.5,"person, toothbrush"
15:31:13,8.37,STOP - JALAN TERBLOKIR,1.27,0.55,0.5,"knife, person"
15:31:14,8.97,STOP - JALAN TERBLOKIR,1.32,0.47,0.55,person
15:31:14,8.82,STOP - JALAN TERBLOKIR,1.27,0.46,0.52,person
15:31:14,8.55,STOP - JALAN TERBLOKIR,1.41,0.46,0.51,person
15:31:14,7.22,STOP - JALAN TERBLOKIR,1.28,0.47,0.52,person
15:31:14,7.81,STOP - JALAN TERBLOKIR,1.33,0.48,0.54,person
15:31:14,8.23,STOP - JALAN TERBLOKIR,1.33,0.48,0.51,person
15:31:14,7.84,STOP - JALAN TERBLOKIR,1.3,0.49,0.52,"knife, person"
15:31:14,7.87,STOP - JALAN TERBLOKIR,1.27,0.47,0.56,person
15:31:15,7.9,STOP - AMBIL KIRI,1.59,0.47,0.52,person
15:31:15,7.97,STOP - JALAN TERBLOKIR,1.34,0.47,0.53,person
15:31:15,7.78,STOP - JALAN TERBLOKIR,1.42,0.48,0.51,person
15:31:15,7.67,STOP - JALAN TERBLOKIR,1.46,0.46,0.55,person
15:31:15,8.54,STOP - JALAN TERBLOKIR,1.49,0.46,0.51,person
15:31:15,8.05,STOP - JALAN TERBLOKIR,1.39,0.48,0.55,person
15:31:15,8.81,STOP - AMBIL KIRI,1.52,0.48,0.59,person
15:31:16,7.19,STOP - JALAN TERBLOKIR,1.32,0.46,0.6,person
15:31:16,8.66,STOP - JALAN TERBLOKIR,1.37,0.46,0.57,person
15:31:16,6.87,STOP - JALAN TERBLOKIR,1.48,0.47,0.62,person
15:31:16,7.35,STOP - JALAN TERBLOKIR,1.44,0.53,0.59,None
15:31:16,8.3,STOP - JALAN TERBLOKIR,1.31,0.43,0.57,person
15:31:16,7.97,STOP - JALAN TERBLOKIR,1.32,0.41,1.26,person
15:31:16,8.3,STOP - AMBIL KANAN,1.53,0.42,1.79,person
15:31:17,7.32,STOP - AMBIL KANAN,1.5,0.42,1.96,person
15:31:17,6.66,STOP - AMBIL KANAN,1.47,0.42,1.66,person
15:31:17,8.14,STOP - AMBIL KANAN,1.42,0.4,1.75,person
15:31:17,6.75,STOP - AMBIL KANAN,1.64,0.43,2.07,person
15:31:17,7.97,STOP - AMBIL KANAN,1.45,0.4,1.87,person
15:31:17,6.49,STOP - AMBIL KANAN,1.64,0.42,2.22,person
15:31:17,7.66,STOP - JALAN TERBLOKIR,1.42,0.41,1.24,person
15:31:18,8.23,STOP - JALAN TERBLOKIR,1.21,0.41,1.12,person
15:31:18,7.49,STOP - JALAN TERBLOKIR,1.2,0.45,1.07,person
15:31:18,8.22,STOP - JALAN TERBLOKIR,1.22,0.45,0.51,person
15:31:18,6.99,STOP - JALAN TERBLOKIR,1.3,0.46,0.49,person
15:31:18,7.72,STOP - JALAN TERBLOKIR,1.21,0.46,0.51,person
15:31:18,6.73,STOP - JALAN TERBLOKIR,1.1,0.45,0.49,person
15:31:18,4.81,STOP - JALAN TERBLOKIR,1.16,0.44,0.5,person
15:31:19,4.37,STOP - JALAN TERBLOKIR,1.41,0.44,0.49,person
15:31:19,5.58,STOP - JALAN TERBLOKIR,1.25,0.47,0.49,person
15:31:19,5.9,STOP - JALAN TERBLOKIR,1.36,0.47,0.51,person
15:31:19,6.6,STOP - JALAN TERBLOKIR,1.32,0.43,1.0,person
15:31:19,6.49,STOP - AMBIL KIRI,1.51,0.41,1.38,person
15:31:20,5.55,STOP - JALAN TERBLOKIR,1.4,0.42,0.98,person
15:31:20,7.66,STOP - JALAN TERBLOKIR,1.42,0.47,0.5,person
15:31:20,8.16,STOP - JALAN TERBLOKIR,1.24,0.44,0.52,person
15:31:20,8.3,STOP - JALAN TERBLOKIR,1.25,0.42,0.54,person
15:31:20,8.16,STOP - JALAN TERBLOKIR,1.24,0.41,1.34,person
15:31:20,8.13,STOP - JALAN TERBLOKIR,1.09,0.38,0.89,None
15:31:20,7.55,STOP - JALAN TERBLOKIR,1.09,0.34,1.29,person
15:31:21,7.09,STOP - AMBIL KANAN,0.95,0.52,1.65,person
15:31:21,5.63,STOP - AMBIL KANAN,0.83,0.47,2.3,person
15:31:21,6.92,STOP - AMBIL KANAN,0.85,0.47,1.65,person
15:31:21,7.22,STOP - AMBIL KANAN,0.97,0.4,1.85,person
15:31:21,7.43,STOP - AMBIL KANAN,1.08,0.42,1.6,person
15:31:21,6.23,STOP - AMBIL KANAN,0.98,0.45,1.61,person
15:31:22,7.66,STOP - AMBIL KANAN,1.08,0.41,1.71,person
15:31:22,8.44,STOP - AMBIL KANAN,0.98,0.46,1.7,person
15:31:22,8.13,STOP - AMBIL KANAN,0.84,0.43,1.87,person
15:31:22,8.5,STOP - AMBIL KANAN,0.34,0.46,1.83,person
15:31:22,7.99,STOP - AMBIL KANAN,0.71,0.67,2.1,person
15:31:22,8.23,STOP - AMBIL KANAN,0.55,0.56,2.08,person
15:31:22,8.1,STOP - AMBIL KANAN,0.48,0.62,2.32,person
15:31:23,6.25,STOP - AMBIL KANAN,0.42,0.69,2.24,"cell phone, person"
15:31:23,7.12,STOP - AMBIL KANAN,0.39,0.65,2.37,"cell phone, person"
15:31:23,7.87,HATI-HATI - KURANGI KECEPATAN,0.4,0.83,2.28,None
15:31:23,7.38,STOP - AMBIL KANAN,0.38,0.72,2.42,"cell phone, person"
15:31:23,7.66,STOP - AMBIL KANAN,0.4,0.62,2.36,person
15:31:23,6.51,STOP - AMBIL KANAN,0.5,0.55,2.08,cell phone
15:31:23,6.65,STOP - AMBIL KANAN,0.35,0.57,1.96,person
15:31:24,6.19,STOP - AMBIL KANAN,0.33,0.52,1.97,"cell phone, person"
15:31:24,6.31,STOP - AMBIL KANAN,0.37,0.51,1.94,person
15:31:24,5.12,STOP - AMBIL KANAN,0.35,0.55,2.08,person
15:31:24,6.59,STOP - AMBIL KANAN,0.35,0.54,1.96,person
15:31:24,7.49,STOP - AMBIL KANAN,0.35,0.53,2.03,person
15:31:24,7.46,STOP - AMBIL KANAN,0.32,0.46,2.0,person
15:31:25,7.38,STOP - AMBIL KANAN,0.36,0.6,2.08,person
15:31:25,8.51,STOP - AMBIL KANAN,0.39,0.59,2.36,person
15:31:25,8.44,STOP - AMBIL KANAN,0.41,0.64,2.35,person
15:31:25,7.27,STOP - AMBIL KANAN,0.51,0.74,2.52,person
15:31:25,7.49,STOP - AMBIL KANAN,0.49,0.68,2.38,person
15:31:25,7.93,STOP - AMBIL KANAN,0.46,0.65,2.14,person
15:31:25,8.51,STOP - AMBIL KANAN,0.43,0.53,2.17,person
15:31:25,8.1,STOP - AMBIL KANAN,0.44,0.66,2.31,person
15:31:26,8.75,STOP - AMBIL KANAN,0.4,0.63,2.19,"umbrella, person"
15:31:26,8.19,STOP - AMBIL KANAN,0.46,0.64,2.32,person
15:31:26,8.58,STOP - AMBIL KANAN,0.49,0.6,2.19,person
15:31:26,7.99,STOP - AMBIL KANAN,0.48,0.69,2.18,person
15:31:26,8.23,STOP - JALAN TERBLOKIR,0.51,0.61,1.48,person
15:31:26,8.44,STOP - JALAN TERBLOKIR,0.49,0.55,1.25,"umbrella, person"
15:31:26,8.23,STOP - JALAN TERBLOKIR,0.96,0.5,1.23,person
15:31:26,7.49,STOP - JALAN TERBLOKIR,0.98,0.49,1.16,person
15:31:27,7.35,STOP - JALAN TERBLOKIR,1.03,0.48,1.41,person
15:31:27,7.9,HATI-HATI - KURANGI KECEPATAN,1.05,1.06,1.38,None
15:31:27,7.84,STOP - JALAN TERBLOKIR,1.21,0.53,1.46,person
15:31:27,8.1,STOP - JALAN TERBLOKIR,0.93,0.51,1.36,person
15:31:27,7.18,STOP - JALAN TERBLOKIR,0.94,0.49,1.38,person
15:31:27,6.98,STOP - JALAN TERBLOKIR,0.98,0.53,1.41,person
15:31:27,7.93,STOP - JALAN TERBLOKIR,1.02,0.54,1.28,person
15:31:28,7.57,STOP - JALAN TERBLOKIR,1.05,0.53,1.31,person
15:31:28,8.58,STOP - JALAN TERBLOKIR,1.06,0.54,1.38,person
15:31:28,8.1,HATI-HATI - KURANGI KECEPATAN,1.04,0.88,1.25,None
15:31:28,6.78,STOP - JALAN TERBLOKIR,0.53,0.73,1.42,person
15:31:28,7.49,STOP - JALAN TERBLOKIR,0.76,0.5,1.18,"umbrella, person"
15:31:28,7.78,HATI-HATI - KURANGI KECEPATAN,1.08,1.03,0.34,person
15:31:28,7.78,HATI-HATI - KURANGI KECEPATAN,1.14,1.07,0.33,person
15:31:29,7.87,HATI-HATI - KURANGI KECEPATAN,1.31,1.27,0.33,person
15:31:29,7.33,HATI-HATI - KURANGI KECEPATAN,1.23,1.27,0.33,person
15:31:29,7.78,HATI-HATI - KURANGI KECEPATAN,1.23,1.31,0.33,person
15:31:29,7.38,HATI-HATI - KURANGI KECEPATAN,1.08,1.16,0.33,person
15:31:29,8.63,HATI-HATI - KURANGI KECEPATAN,1.09,1.19,0.35,person
15:31:29,7.46,HATI-HATI - KURANGI KECEPATAN,1.09,1.24,0.33,person
15:31:29,8.63,HATI-HATI - KURANGI KECEPATAN,1.0,1.2,0.35,person
15:31:30,9.25,HATI-HATI - KURANGI KECEPATAN,0.88,1.34,0.34,"umbrella, person"
15:31:30,9.57,HATI-HATI - KURANGI KECEPATAN,1.11,1.23,0.32,person
15:31:30,8.73,HATI-HATI - KURANGI KECEPATAN,1.15,1.19,0.33,cat
15:31:30,8.97,HATI-HATI - KURANGI KECEPATAN,1.16,1.14,0.34,person
15:31:30,8.89,HATI-HATI - KURANGI KECEPATAN,1.15,1.02,0.37,person
15:31:30,8.44,HATI-HATI - KURANGI KECEPATAN,1.26,1.03,0.46,person
15:31:30,8.23,HATI-HATI - KURANGI KECEPATAN,1.18,0.94,0.43,person
15:31:30,8.16,STOP - JALAN TERBLOKIR,0.96,0.49,0.46,"umbrella, person"
15:31:31,7.97,HATI-HATI - KURANGI KECEPATAN,1.28,0.89,0.5,person
15:31:31,8.3,HATI-HATI - KURANGI KECEPATAN,1.28,0.97,0.5,person
15:31:31,7.43,HATI-HATI - KURANGI KECEPATAN,1.29,1.04,0.48,None
15:31:31,7.72,HATI-HATI - KURANGI KECEPATAN,0.96,1.04,0.46,"umbrella, person"
15:31:31,7.87,HATI-HATI - KURANGI KECEPATAN,1.18,0.93,0.46,person
15:31:31,7.97,HATI-HATI - KURANGI KECEPATAN,1.07,1.02,0.45,"umbrella, person"
15:31:31,7.94,HATI-HATI - KURANGI KECEPATAN,1.02,1.06,0.44,"umbrella, person"
15:31:32,8.81,HATI-HATI - KURANGI KECEPATAN,1.15,1.03,0.45,person
15:31:32,8.23,HATI-HATI - KURANGI KECEPATAN,1.24,1.07,0.49,person
15:31:32,8.89,HATI-HATI - KURANGI KECEPATAN,1.12,0.93,0.49,person
15:31:32,8.16,HATI-HATI - KURANGI KECEPATAN,1.04,1.06,0.45,"umbrella, person"
15:31:32,8.58,HATI-HATI - KURANGI KECEPATAN,1.27,1.02,0.45,person
15:31:32,8.51,HATI-HATI - KURANGI KECEPATAN,1.07,1.04,0.44,"umbrella, person"
15:31:32,8.33,HATI-HATI - KURANGI KECEPATAN,1.05,0.94,0.46,"umbrella, person"
15:31:32,8.16,HATI-HATI - KURANGI KECEPATAN,1.23,0.92,0.35,person
15:31:33,7.78,HATI-HATI - KURANGI KECEPATAN,1.19,0.95,0.32,"umbrella, person"
15:31:33,7.23,STOP - JALAN TERBLOKIR,0.98,0.7,0.42,person
15:31:33,7.61,STOP - JALAN TERBLOKIR,1.0,0.78,0.54,"umbrella, person"
15:31:33,6.73,STOP - JALAN TERBLOKIR,1.1,0.64,0.51,person
15:31:33,7.9,STOP - JALAN TERBLOKIR,1.12,0.51,1.15,person
15:31:33,8.48,STOP - JALAN TERBLOKIR,1.29,0.47,1.24,person
15:31:33,7.93,STOP - JALAN TERBLOKIR,1.42,0.44,1.41,person
15:31:34,8.51,STOP - JALAN TERBLOKIR,0.89,0.56,0.78,None
15:31:34,9.21,STOP - JALAN TERBLOKIR,0.84,0.51,0.59,None
15:31:34,9.3,STOP - JALAN TERBLOKIR,1.1,0.5,0.53,None
15:31:34,7.85,STOP - JALAN TERBLOKIR,1.4,0.47,0.51,person
15:31:34,8.73,STOP - JALAN TERBLOKIR,1.36,0.61,0.64,"dog, person"
15:31:34,8.03,STOP - AMBIL KIRI,1.83,0.53,0.64,person
15:31:34,8.2,STOP - AMBIL KIRI,1.72,0.57,0.64,person
15:31:34,7.66,STOP - AMBIL KIRI,1.78,0.5,0.55,person
15:31:35,8.81,STOP - AMBIL KIRI,1.93,0.52,0.57,person
15:31:35,7.69,STOP - JALAN TERBLOKIR,1.46,0.51,0.59,"dog, person"
15:31:35,9.13,STOP - AMBIL KIRI,2.02,0.58,0.64,person
15:31:35,7.84,STOP - AMBIL KIRI,1.85,0.58,0.61,"cell phone, person"
15:31:35,7.99,STOP - JALAN TERBLOKIR,1.47,0.52,0.59,person
15:31:35,7.6,STOP - AMBIL KIRI,1.73,0.56,0.63,person
15:31:35,8.44,STOP - JALAN TERBLOKIR,1.35,0.53,0.65,person
15:31:36,8.44,STOP - AMBIL KIRI,1.58,0.56,0.77,person
15:31:36,8.89,STOP - AMBIL KIRI,1.54,0.53,0.78,person
15:31:36,7.84,STOP - AMBIL KIRI,1.51,0.51,1.02,person
15:31:36,8.4,STOP - AMBIL KANAN,1.47,0.49,1.89,person
15:31:36,8.11,STOP - AMBIL KANAN,1.79,0.49,1.91,person
15:31:36,8.73,STOP - AMBIL KANAN,1.22,0.48,1.9,"cell phone, person"
15:31:36,8.3,STOP - AMBIL KANAN,1.78,0.48,1.86,person
15:31:36,7.93,STOP - AMBIL KANAN,1.08,0.48,1.58,"cell phone, person"
15:31:37,8.23,STOP - AMBIL KANAN,1.58,0.5,1.77,person
15:31:37,6.1,STOP - AMBIL KANAN,1.68,0.49,2.02,person
15:31:37,6.1,STOP - AMBIL KANAN,1.56,0.47,1.84,person
15:31:37,8.08,STOP - AMBIL KANAN,1.85,0.51,1.88,person
15:31:37,7.22,STOP - AMBIL KIRI,1.56,0.48,1.04,person
15:31:37,7.39,STOP - AMBIL KIRI,1.59,0.53,1.05,person
15:31:37,8.89,STOP - JALAN TERBLOKIR,1.44,0.57,0.86,"cell phone, person"
15:31:38,8.3,STOP - AMBIL KIRI,1.89,0.57,0.85,person
15:31:38,8.76,STOP - AMBIL KIRI,1.91,0.56,0.8,person
15:31:38,9.01,STOP - AMBIL KIRI,1.55,0.56,0.74,person
15:31:38,8.23,STOP - AMBIL KIRI,1.79,0.59,0.83,person
15:31:38,9.3,STOP - AMBIL KIRI,1.68,0.54,0.72,person
15:31:38,8.7,STOP - AMBIL KIRI,1.65,0.54,0.81,person
15:31:38,8.07,STOP - AMBIL KIRI,1.96,0.59,0.78,person
15:31:38,7.27,STOP - AMBIL KIRI,1.91,0.58,0.8,person
15:31:39,8.06,STOP - AMBIL KIRI,1.58,0.56,0.81,person
15:31:39,8.71,STOP - AMBIL KIRI,1.7,0.56,0.79,"cell phone, person"
15:31:39,7.55,STOP - AMBIL KIRI,1.72,0.51,0.76,person
15:31:39,7.55,STOP - AMBIL KIRI,1.64,0.57,0.78,person
15:31:39,8.89,STOP - JALAN TERBLOKIR,1.48,0.57,0.77,person
15:31:39,8.3,STOP - AMBIL KIRI,1.56,0.54,0.87,person
15:31:39,7.92,STOP - AMBIL KIRI,1.53,0.54,1.01,person
15:31:40,8.81,STOP - AMBIL KIRI,1.66,0.48,1.32,person
15:31:40,8.39,STOP - AMBIL KANAN,1.12,0.49,1.65,person
15:31:40,9.3,STOP - AMBIL KANAN,1.12,0.51,1.8,person
15:31:40,8.66,STOP - AMBIL KANAN,0.75,0.48,1.81,"cell phone, person"
15:31:40,8.51,STOP - JALAN TERBLOKIR,0.72,0.51,1.39,person
15:31:40,8.37,STOP - JALAN TERBLOKIR,0.6,0.54,1.48,person
15:31:40,8.03,STOP - JALAN TERBLOKIR,0.56,0.57,1.36,person
15:31:40,7.57,STOP - AMBIL KANAN,0.55,0.59,1.53,"donut, person"
15:31:41,8.1,STOP - JALAN TERBLOKIR,0.62,0.61,1.39,person
15:31:41,7.69,STOP - AMBIL KANAN,0.6,0.56,1.58,person
15:31:41,8.23,STOP - AMBIL KANAN,0.61,0.6,1.51,person
15:31:41,6.92,STOP - JALAN TERBLOKIR,0.56,0.57,1.43,person
15:31:41,8.14,STOP - JALAN TERBLOKIR,0.61,0.57,1.29,person
15:31:41,8.66,STOP - JALAN TERBLOKIR,0.61,0.56,1.39,person
15:31:41,9.13,STOP - AMBIL KANAN,0.61,0.56,1.53,person
15:31:41,9.05,STOP - JALAN TERBLOKIR,0.53,0.54,1.47,person
15:31:42,8.54,STOP - AMBIL KANAN,0.54,0.59,1.86,"cell phone, person"
15:31:42,8.51,STOP - JALAN TERBLOKIR,0.62,0.54,1.27,"cell phone, person"
15:31:42,9.13,STOP - AMBIL KANAN,0.65,0.58,1.54,"donut, person"
15:31:42,8.97,STOP - JALAN TERBLOKIR,0.64,0.56,1.38,person
15:31:42,8.27,STOP - AMBIL KANAN,0.6,0.56,1.57,person
15:31:42,8.3,STOP - JALAN TERBLOKIR,0.86,0.51,1.42,person
15:31:42,8.3,STOP - AMBIL KANAN,0.66,0.52,1.51,"cell phone, person"
15:31:42,7.78,STOP - AMBIL KANAN,0.77,0.53,2.07,"cell phone, person"
15:31:43,7.79,STOP - AMBIL KANAN,0.89,0.55,2.1,"cell phone, person"
15:31:43,7.38,STOP - AMBIL KANAN,0.91,0.53,2.29,"cell phone, person"
15:31:43,8.15,STOP - AMBIL KANAN,0.84,0.55,2.57,person
15:31:43,8.23,STOP - AMBIL KANAN,0.75,0.54,2.39,person
15:31:43,7.55,STOP - AMBIL KANAN,0.69,0.57,2.73,"cell phone, person"
15:31:43,7.89,STOP - AMBIL KANAN,0.7,0.53,2.96,"donut, person"
15:31:43,8.66,STOP - AMBIL KANAN,0.7,0.53,2.6,"cell phone, person"
15:31:44,7.18,STOP - AMBIL KANAN,0.72,0.53,2.3,"cell phone, person"
15:31:44,8.47,STOP - AMBIL KANAN,0.76,0.54,2.56,person
15:31:44,8.52,STOP - AMBIL KANAN,0.66,0.53,2.52,person
15:31:44,7.76,STOP - AMBIL KANAN,0.81,0.55,2.3,"cell phone, person"
15:31:44,7.72,STOP - AMBIL KANAN,0.64,0.56,2.65,"cell phone, person"
15:31:44,6.8,STOP - AMBIL KANAN,0.69,0.53,2.05,"cell phone, person"
15:31:44,8.58,STOP - AMBIL KANAN,0.68,0.5,1.92,person
15:31:45,7.84,STOP - AMBIL KANAN,1.74,0.51,2.1,person
15:31:45,7.93,STOP - AMBIL KANAN,1.35,0.5,1.93,person
15:31:45,7.9,STOP - AMBIL KANAN,1.59,0.49,2.05,person
15:31:45,8.03,STOP - AMBIL KANAN,1.43,0.47,1.66,person
15:31:45,8.33,STOP - AMBIL KANAN,1.54,0.5,2.08,person
15:31:45,8.99,STOP - AMBIL KANAN,1.44,0.5,1.63,person
15:31:45,7.84,STOP - AMBIL KANAN,1.58,0.49,1.91,person
15:31:45,9.85,STOP - AMBIL KANAN,1.46,0.51,2.03,person
15:31:46,8.57,STOP - AMBIL KANAN,1.54,0.5,1.82,"umbrella, person"
15:31:46,8.66,STOP - AMBIL KANAN,1.73,0.51,2.15,person
15:31:46,9.39,STOP - AMBIL KANAN,1.3,0.49,1.8,person
15:31:46,7.84,STOP - JALAN TERBLOKIR,1.37,0.48,1.42,person
15:31:46,8.71,STOP - AMBIL KANAN,1.5,0.5,1.86,person
15:31:46,9.39,STOP - AMBIL KANAN,1.46,0.5,1.96,person
15:31:46,8.23,STOP - AMBIL KANAN,1.56,0.51,1.94,person
15:31:46,8.2,STOP - AMBIL KANAN,1.23,0.48,1.92,person
15:31:47,7.9,STOP - AMBIL KANAN,1.45,0.49,1.8,person
15:31:47,8.03,STOP - AMBIL KANAN,1.54,0.5,1.72,person
15:31:47,8.03,STOP - AMBIL KANAN,1.61,0.48,1.88,person
15:31:47,8.03,STOP - AMBIL KANAN,1.37,0.49,2.1,person
15:31:47,8.32,STOP - AMBIL KANAN,1.44,0.52,2.21,person
15:31:47,7.48,STOP - AMBIL KANAN,1.39,0.5,1.67,person
15:31:47,8.06,STOP - AMBIL KANAN,1.3,0.45,1.72,person
15:31:48,8.1,STOP - JALAN TERBLOKIR,1.16,0.49,1.32,person
15:31:48,9.22,STOP - JALAN TERBLOKIR,0.9,0.47,1.25,person
15:31:48,8.4,STOP - JALAN TERBLOKIR,0.87,0.5,1.11,person
15:31:48,9.51,STOP - JALAN TERBLOKIR,0.63,0.54,1.5,person
15:31:48,8.16,STOP - JALAN TERBLOKIR,0.57,0.5,1.44,person
15:31:48,9.21,STOP - JALAN TERBLOKIR,0.75,0.43,0.86,person
15:31:48,8.58,STOP - JALAN TERBLOKIR,0.87,0.45,0.68,person
15:31:48,7.72,STOP - JALAN TERBLOKIR,0.86,0.44,0.45,"umbrella, cat, person"
15:31:49,7.33,STOP - JALAN TERBLOKIR,0.64,0.44,0.41,"cat, person"
15:31:49,7.76,STOP - JALAN TERBLOKIR,0.69,0.51,0.48,cat
15:31:49,7.9,STOP - JALAN TERBLOKIR,1.42,0.47,0.45,cat
15:31:49,7.61,STOP - AMBIL KIRI,2.03,0.44,0.43,"cat, person"
15:31:49,7.57,STOP - AMBIL KIRI,1.91,0.49,0.45,"umbrella, cat, person"
15:31:49,7.69,STOP - AMBIL KIRI,2.84,0.51,0.46,person
15:31:49,8.4,STOP - AMBIL KIRI,1.95,0.48,0.45,person
15:31:50,8.66,STOP - AMBIL KIRI,2.22,0.47,0.43,cat
15:31:50,8.66,STOP - AMBIL KIRI,2.2,0.48,0.44,cat
15:31:50,8.89,STOP - AMBIL KIRI,2.19,0.47,0.43,cat
15:31:50,8.27,STOP - AMBIL KIRI,1.79,0.46,0.42,cat
15:31:50,8.73,HATI-HATI - KURANGI KECEPATAN,1.91,0.83,0.43,cat
15:31:50,9.3,HATI-HATI - KURANGI KECEPATAN,1.62,1.26,0.42,cat
15:31:50,8.89,HATI-HATI - KURANGI KECEPATAN,1.32,1.1,0.38,cat
15:31:50,7.69,HATI-HATI - KURANGI KECEPATAN,1.37,1.13,0.36,cat
15:31:51,7.24,HATI-HATI - KURANGI KECEPATAN,1.52,1.29,0.41,cat
15:31:51,7.63,HATI-HATI - KURANGI KECEPATAN,1.15,1.09,0.49,cat
15:31:51,7.9,STOP - JALAN TERBLOKIR,1.33,0.54,0.52,None
15:31:51,8.23,HATI-HATI - KURANGI KECEPATAN,1.25,0.86,0.58,"cell phone, cat"
15:31:51,7.63,HATI-HATI - KURANGI KECEPATAN,1.2,1.02,0.59,"cell phone, cat"
15:31:51,8.03,HATI-HATI - KURANGI KECEPATAN,1.3,0.89,0.58,cat
15:31:51,8.03,HATI-HATI - KURANGI KECEPATAN,1.48,0.95,0.54,cat
15:31:52,8.85,JALAN AMAN - MAJU,1.69,1.59,0.51,"cell phone, cat"
15:31:52,7.97,HATI-HATI - KURANGI KECEPATAN,1.37,1.49,0.5,cat
15:31:52,9.19,JALAN AMAN - MAJU,1.86,1.8,0.5,"cell phone, cat"
15:31:52,8.65,JALAN AMAN - MAJU,1.63,1.6,0.5,"cat, person"
15:31:52,8.97,HATI-HATI - KURANGI KECEPATAN,1.39,1.4,0.51,"cell phone, cat"
15:31:52,8.97,JALAN AMAN - MAJU,1.76,1.53,0.51,"cell phone, cat, person"
15:31:52,9.13,HATI-HATI - KURANGI KECEPATAN,1.6,1.36,0.5,cat
15:31:52,7.67,HATI-HATI - KURANGI KECEPATAN,1.52,1.43,0.49,"cat, person"
15:31:53,8.66,JALAN AMAN - MAJU,1.69,1.67,0.53,cat
15:31:53,7.97,HATI-HATI - KURANGI KECEPATAN,1.42,1.26,0.5,cat
15:31:53,7.87,HATI-HATI - KURANGI KECEPATAN,1.22,1.08,0.48,cat
15:31:53,7.66,JALAN AMAN - MAJU,1.64,1.52,0.41,cat
15:31:53,7.69,HATI-HATI - KURANGI KECEPATAN,1.23,1.01,0.4,"cat, person"
15:31:53,8.19,HATI-HATI - KURANGI KECEPATAN,1.25,0.84,0.52,cat
15:31:53,8.56,STOP - JALAN TERBLOKIR,1.14,0.79,0.73,person
15:31:53,9.13,HATI-HATI - KURANGI KECEPATAN,1.1,0.82,0.73,None
15:31:54,8.73,HATI-HATI - KURANGI KECEPATAN,1.08,0.85,0.77,None
15:31:54,8.18,HATI-HATI - KURANGI KECEPATAN,0.94,0.92,0.94,umbrella
15:31:54,8.3,HATI-HATI - KURANGI KECEPATAN,1.2,0.87,0.88,None
15:31:54,7.46,HATI-HATI - KURANGI KECEPATAN,1.12,0.86,0.8,umbrella
15:31:54,8.16,HATI-HATI - KURANGI KECEPATAN,1.13,0.86,0.89,None
15:31:54,8.09,HATI-HATI - KURANGI KECEPATAN,1.14,0.87,0.87,person
15:31:54,7.65,HATI-HATI - KURANGI KECEPATAN,1.32,0.98,0.68,person
15:31:55,7.66,HATI-HATI - KURANGI KECEPATAN,1.05,1.13,0.94,umbrella
15:31:55,8.05,HATI-HATI - KURANGI KECEPATAN,1.12,0.94,0.69,"umbrella, person"
15:31:55,8.44,HATI-HATI - KURANGI KECEPATAN,1.22,1.08,1.24,person
15:31:55,7.27,HATI-HATI - KURANGI KECEPATAN,1.14,0.86,1.11,None
15:31:55,8.28,STOP - JALAN TERBLOKIR,1.04,0.79,1.01,None
15:31:55,7.38,STOP - JALAN TERBLOKIR,1.02,0.7,0.87,person
15:31:55,8.66,HATI-HATI - KURANGI KECEPATAN,1.2,0.88,1.02,None
15:31:56,8.69,HATI-HATI - KURANGI KECEPATAN,1.21,0.9,0.97,person
15:31:56,9.09,HATI-HATI - KURANGI KECEPATAN,1.18,0.81,0.94,person
15:31:56,7.6,STOP - JALAN TERBLOKIR,1.13,0.71,0.79,None
15:31:56,8.62,STOP - JALAN TERBLOKIR,1.03,0.66,0.68,person
15:31:56,8.1,HATI-HATI - KURANGI KECEPATAN,1.17,0.83,0.69,"cell phone, person"
15:31:56,7.8,STOP - JALAN TERBLOKIR,1.24,0.79,0.76,person
15:31:56,7.69,STOP - JALAN TERBLOKIR,1.05,0.67,0.94,None
15:31:56,8.23,HATI-HATI - KURANGI KECEPATAN,1.1,0.9,0.66,person
15:31:57,7.38,HATI-HATI - KURANGI KECEPATAN,1.35,1.04,0.61,None
15:31:57,7.69,HATI-HATI - KURANGI KECEPATAN,1.41,0.82,0.55,None
15:31:57,8.16,HATI-HATI - KURANGI KECEPATAN,1.81,1.09,0.55,person
15:31:57,7.32,HATI-HATI - KURANGI KECEPATAN,1.45,0.92,0.54,None
15:31:57,7.82,HATI-HATI - KURANGI KECEPATAN,1.42,0.94,0.56,None
15:31:57,8.37,STOP - JALAN TERBLOKIR,1.5,0.76,0.55,"cat, person"
15:31:57,7.63,STOP - JALAN TERBLOKIR,1.34,0.79,0.56,cat
15:31:58,8.23,HATI-HATI - KURANGI KECEPATAN,1.4,1.16,0.46,"umbrella, cat"
15:31:58,8.58,HATI-HATI - KURANGI KECEPATAN,1.24,1.07,0.47,"umbrella, cat"
15:31:58,7.66,STOP - JALAN TERBLOKIR,1.13,0.78,0.48,cat
15:31:58,9.05,HATI-HATI - KURANGI KECEPATAN,1.44,1.02,0.44,None
15:31:58,8.41,HATI-HATI - KURANGI KECEPATAN,1.83,1.32,0.44,person
15:31:58,8.97,HATI-HATI - KURANGI KECEPATAN,1.48,1.12,0.53,person
15:31:58,8.81,STOP - JALAN TERBLOKIR,1.05,0.52,0.53,person
15:31:58,8.66,STOP - JALAN TERBLOKIR,1.08,0.51,0.54,"umbrella, person"
15:31:59,7.84,STOP - JALAN TERBLOKIR,1.05,0.54,0.55,person
15:31:59,8.09,HATI-HATI - KURANGI KECEPATAN,1.31,0.88,0.55,"umbrella, person"
15:31:59,8.03,HATI-HATI - KURANGI KECEPATAN,1.41,1.33,0.55,None
15:31:59,7.32,HATI-HATI - KURANGI KECEPATAN,1.39,0.91,0.47,person
15:31:59,7.87,HATI-HATI - KURANGI KECEPATAN,1.38,0.98,0.43,None
15:31:59,8.11,HATI-HATI - KURANGI KECEPATAN,1.46,1.06,0.42,None
15:31:59,9.21,HATI-HATI - KURANGI KECEPATAN,1.39,0.82,0.46,None
15:32:00,9.66,HATI-HATI - KURANGI KECEPATAN,1.24,0.91,0.42,None
15:32:00,8.23,HATI-HATI - KURANGI KECEPATAN,1.33,1.01,0.4,person
15:32:00,8.26,HATI-HATI - KURANGI KECEPATAN,1.39,0.93,0.42,None
15:32:00,6.84,HATI-HATI - KURANGI KECEPATAN,1.66,1.11,0.43,person
15:32:00,7.73,HATI-HATI - KURANGI KECEPATAN,1.71,1.02,0.43,"cat, person"
15:32:00,8.37,HATI-HATI - KURANGI KECEPATAN,1.35,0.99,0.45,person
15:32:00,7.81,HATI-HATI - KURANGI KECEPATAN,1.38,0.86,0.46,person
15:32:00,8.73,HATI-HATI - KURANGI KECEPATAN,1.45,0.9,0.43,None
15:32:01,8.23,HATI-HATI - KURANGI KECEPATAN,1.39,0.84,0.45,None
15:32:01,8.13,HATI-HATI - KURANGI KECEPATAN,1.33,0.97,0.46,None
15:32:01,8.73,HATI-HATI - KURANGI KECEPATAN,1.61,0.93,0.5,person
15:32:01,8.94,STOP - JALAN TERBLOKIR,1.27,0.77,0.47,None
15:32:01,8.23,STOP - JALAN TERBLOKIR,1.27,0.77,0.47,None
15:32:01,8.03,HATI-HATI - KURANGI KECEPATAN,1.13,0.87,0.45,person
15:32:01,8.51,HATI-HATI - KURANGI KECEPATAN,1.34,1.07,0.45,person
15:32:02,8.03,HATI-HATI - KURANGI KECEPATAN,1.44,1.08,0.45,person
15:32:02,8.0,HATI-HATI - KURANGI KECEPATAN,1.26,0.81,0.43,person
15:32:02,7.9,HATI-HATI - KURANGI KECEPATAN,1.22,0.89,0.43,person
15:32:02,7.69,HATI-HATI - KURANGI KECEPATAN,1.23,1.05,0.43,person
15:32:02,8.23,HATI-HATI - KURANGI KECEPATAN,1.23,0.97,0.43,person
15:32:02,8.45,HATI-HATI - KURANGI KECEPATAN,1.12,0.9,0.41,None
15:32:02,8.81,HATI-HATI - KURANGI KECEPATAN,1.3,0.91,0.43,person
15:32:02,8.03,HATI-HATI - KURANGI KECEPATAN,1.33,1.01,0.43,person
15:32:03,8.16,STOP - JALAN TERBLOKIR,1.09,0.72,0.43,person
15:32:03,8.13,STOP - JALAN TERBLOKIR,1.02,0.77,0.44,person
15:32:03,8.23,HATI-HATI - KURANGI KECEPATAN,1.3,1.1,0.42,person
15:32:03,7.75,HATI-HATI - KURANGI KECEPATAN,1.16,1.05,0.42,person
15:32:03,8.06,HATI-HATI - KURANGI KECEPATAN,1.11,0.88,0.43,person
15:32:03,8.1,HATI-HATI - KURANGI KECEPATAN,1.15,1.03,0.43,person
15:32:03,8.33,HATI-HATI - KURANGI KECEPATAN,1.16,1.12,0.42,person
15:32:04,8.0,HATI-HATI - KURANGI KECEPATAN,1.18,1.05,0.43,person
15:32:04,7.55,HATI-HATI - KURANGI KECEPATAN,1.17,0.94,0.41,person
15:32:04,8.26,HATI-HATI - KURANGI KECEPATAN,1.37,1.03,0.42,person
15:32:04,7.33,HATI-HATI - KURANGI KECEPATAN,1.35,1.06,0.43,person
15:32:04,8.3,HATI-HATI - KURANGI KECEPATAN,1.4,1.08,0.43,person
15:32:04,7.78,HATI-HATI - KURANGI KECEPATAN,1.26,0.98,0.43,person
15:32:04,7.84,HATI-HATI - KURANGI KECEPATAN,1.23,1.07,0.43,person
15:32:04,8.03,HATI-HATI - KURANGI KECEPATAN,1.31,1.08,0.42,person
15:32:05,8.85,HATI-HATI - KURANGI KECEPATAN,1.84,1.39,0.41,cat
15:32:05,8.51,HATI-HATI - KURANGI KECEPATAN,1.02,0.81,0.64,None
15:32:05,8.66,STOP - JALAN TERBLOKIR,1.04,0.69,0.7,None
15:32:05,7.78,HATI-HATI - KURANGI KECEPATAN,0.97,0.99,0.71,None
15:32:05,6.22,STOP - JALAN TERBLOKIR,1.18,0.78,0.61,cat
15:32:05,6.64,HATI-HATI - KURANGI KECEPATAN,1.2,0.85,0.62,person
15:32:05,7.03,HATI-HATI - KURANGI KECEPATAN,1.27,0.95,0.66,None
15:32:06,8.14,STOP - JALAN TERBLOKIR,1.1,0.68,0.67,None
15:32:06,9.13,STOP - JALAN TERBLOKIR,0.93,0.67,0.7,None
15:32:06,8.1,STOP - JALAN TERBLOKIR,1.08,0.48,0.77,person
15:32:06,8.66,STOP - JALAN TERBLOKIR,1.14,0.46,0.66,person
15:32:06,8.06,STOP - JALAN TERBLOKIR,1.03,0.58,0.65,"cell phone, person"
15:32:06,7.97,STOP - JALAN TERBLOKIR,1.16,0.49,0.68,person
15:32:06,8.33,STOP - JALAN TERBLOKIR,1.32,0.5,0.68,person
15:32:07,8.58,STOP - JALAN TERBLOKIR,0.98,0.48,0.7,umbrella
15:32:07,7.48,STOP - JALAN TERBLOKIR,1.03,0.48,0.67,None
15:32:07,7.81,STOP - JALAN TERBLOKIR,0.62,0.49,0.71,cell phone
15:32:07,8.37,STOP - JALAN TERBLOKIR,0.92,0.51,0.7,"cell phone, person"
15:32:07,7.86,STOP - JALAN TERBLOKIR,0.94,0.5,0.68,"cell phone, person"
15:32:07,8.58,STOP - JALAN TERBLOKIR,0.93,0.51,0.69,"cell phone, person"
15:32:07,7.43,STOP - JALAN TERBLOKIR,0.96,0.51,0.73,"cell phone, person"
15:32:08,7.45,STOP - JALAN TERBLOKIR,0.94,0.53,0.69,"cell phone, person"
15:32:08,8.0,STOP - JALAN TERBLOKIR,0.88,0.53,0.72,"cell phone, person"
15:32:08,7.44,STOP - JALAN TERBLOKIR,0.91,0.53,0.73,"cell phone, person"
15:32:08,7.93,STOP - JALAN TERBLOKIR,0.89,0.52,0.69,"cell phone, person"
15:32:08,7.78,STOP - JALAN TERBLOKIR,0.95,0.56,0.68,person
15:32:08,8.73,STOP - JALAN TERBLOKIR,0.98,0.57,0.72,person
15:32:08,8.1,STOP - JALAN TERBLOKIR,0.95,0.55,0.74,person
15:32:08,8.23,STOP - JALAN TERBLOKIR,0.96,0.57,0.69,person
15:32:09,7.9,STOP - JALAN TERBLOKIR,1.08,0.57,0.72,person
15:32:09,7.75,STOP - JALAN TERBLOKIR,1.04,0.57,0.66,person
15:32:09,8.1,STOP - JALAN TERBLOKIR,0.99,0.58,0.69,person
15:32:09,8.51,STOP - JALAN TERBLOKIR,1.22,0.58,0.66,person
15:32:09,7.66,STOP - JALAN TERBLOKIR,0.73,0.55,0.58,person
15:32:09,7.96,STOP - JALAN TERBLOKIR,0.55,0.49,0.49,cat
15:32:09,8.33,STOP - JALAN TERBLOKIR,0.51,0.74,0.61,airplane
15:32:10,7.72,HATI-HATI - KURANGI KECEPATAN,0.49,0.84,0.75,truck
15:32:10,8.11,HATI-HATI - KURANGI KECEPATAN,1.3,0.98,0.64,dog
15:32:10,7.64,HATI-HATI - KURANGI KECEPATAN,1.36,0.9,0.65,dog
15:32:10,7.97,STOP - JALAN TERBLOKIR,1.19,0.68,0.67,None
15:32:10,8.66,STOP - JALAN TERBLOKIR,0.91,0.77,0.86,dog
15:32:10,8.3,STOP - JALAN TERBLOKIR,0.76,0.77,0.81,None
15:32:10,7.66,STOP - JALAN TERBLOKIR,0.96,0.69,0.71,dog
15:32:10,7.93,STOP - JALAN TERBLOKIR,1.0,0.77,0.75,dog
15:32:11,8.72,STOP - JALAN TERBLOKIR,0.99,0.77,0.73,dog
15:32:11,7.7,STOP - JALAN TERBLOKIR,1.1,0.77,0.69,dog
15:32:11,7.23,HATI-HATI - KURANGI KECEPATAN,1.37,0.83,0.69,"dog, person"
15:32:11,7.72,STOP - JALAN TERBLOKIR,1.25,0.77,0.68,dog
15:32:11,8.37,HATI-HATI - KURANGI KECEPATAN,1.32,0.87,0.68,dog
15:32:11,8.1,HATI-HATI - KURANGI KECEPATAN,1.16,1.08,0.59,truck
15:32:11,7.97,STOP - JALAN TERBLOKIR,0.65,0.78,0.79,truck
15:32:12,8.16,STOP - JALAN TERBLOKIR,1.01,0.57,0.74,None
15:32:12,8.85,STOP - JALAN TERBLOKIR,1.28,0.57,0.62,None
15:32:12,8.26,STOP - JALAN TERBLOKIR,1.36,0.72,0.53,None
15:32:12,8.23,STOP - JALAN TERBLOKIR,1.36,0.72,0.53,None
15:32:12,8.37,HATI-HATI - KURANGI KECEPATAN,1.32,0.9,0.49,person
15:32:12,7.66,HATI-HATI - KURANGI KECEPATAN,1.28,1.02,0.49,None
15:32:12,8.23,HATI-HATI - KURANGI KECEPATAN,1.24,1.03,0.49,person
15:32:13,7.63,HATI-HATI - KURANGI KECEPATAN,1.22,1.02,0.47,person
15:32:13,7.27,HATI-HATI - KURANGI KECEPATAN,1.17,0.96,0.47,person
15:32:13,8.81,HATI-HATI - KURANGI KECEPATAN,1.54,1.24,0.5,None
15:32:13,7.92,HATI-HATI - KURANGI KECEPATAN,1.63,1.44,0.5,None
15:32:13,8.23,HATI-HATI - KURANGI KECEPATAN,1.43,1.24,0.5,umbrella
15:32:13,9.48,HATI-HATI - KURANGI KECEPATAN,1.16,0.83,0.48,person
15:32:13,8.51,HATI-HATI - KURANGI KECEPATAN,1.16,0.83,0.48,person
15:32:13,8.15,HATI-HATI - KURANGI KECEPATAN,1.38,1.03,0.44,None
15:32:14,7.84,HATI-HATI - KURANGI KECEPATAN,1.24,0.9,0.45,None
15:32:14,8.58,HATI-HATI - KURANGI KECEPATAN,1.18,0.86,0.45,None
15:32:14,8.37,HATI-HATI - KURANGI KECEPATAN,1.25,0.95,0.45,person
15:32:14,8.17,HATI-HATI - KURANGI KECEPATAN,1.26,0.9,0.47,person
15:32:14,7.9,HATI-HATI - KURANGI KECEPATAN,1.44,1.02,0.45,person
15:32:14,7.92,HATI-HATI - KURANGI KECEPATAN,1.33,1.09,0.46,person
15:32:14,8.23,HATI-HATI - KURANGI KECEPATAN,1.31,0.84,0.45,None
15:32:14,7.27,HATI-HATI - KURANGI KECEPATAN,1.08,0.84,0.44,person
15:32:15,8.13,STOP - JALAN TERBLOKIR,1.07,0.78,0.44,person
15:32:15,8.1,HATI-HATI - KURANGI KECEPATAN,1.09,0.86,0.45,person
15:32:15,7.9,HATI-HATI - KURANGI KECEPATAN,1.23,1.07,0.45,person
15:32:15,8.26,HATI-HATI - KURANGI KECEPATAN,1.22,1.11,0.45,person
15:32:15,7.84,HATI-HATI - KURANGI KECEPATAN,1.18,0.93,0.44,person
15:32:15,7.07,HATI-HATI - KURANGI KECEPATAN,1.21,0.93,0.44,person
15:32:15,8.1,HATI-HATI - KURANGI KECEPATAN,1.28,1.04,0.44,person
15:32:16,7.14,HATI-HATI - KURANGI KECEPATAN,1.33,0.98,0.43,person
15:32:16,9.05,HATI-HATI - KURANGI KECEPATAN,1.15,0.96,0.45,person
15:32:16,8.47,HATI-HATI - KURANGI KECEPATAN,1.25,1.07,0.45,person
15:32:16,7.63,HATI-HATI - KURANGI KECEPATAN,1.15,0.86,0.46,person
15:32:16,7.84,HATI-HATI - KURANGI KECEPATAN,1.16,0.82,0.44,"remote, person"
15:32:16,7.17,HATI-HATI - KURANGI KECEPATAN,1.17,0.82,0.44,person
15:32:16,7.9,HATI-HATI - KURANGI KECEPATAN,1.2,0.91,0.44,"cell phone, person"
15:32:17,8.23,HATI-HATI - KURANGI KECEPATAN,0.98,0.82,0.43,"cat, person"
15:32:17,7.5,HATI-HATI - KURANGI KECEPATAN,1.16,0.82,0.46,person
15:32:17,7.78,STOP - JALAN TERBLOKIR,1.12,0.69,0.47,person
15:32:17,7.97,STOP - JALAN TERBLOKIR,1.04,0.75,0.47,person
15:32:17,9.34,HATI-HATI - KURANGI KECEPATAN,1.24,0.87,0.46,person
15:32:17,8.37,HATI-HATI - KURANGI KECEPATAN,1.12,0.94,0.46,person
15:32:17,8.46,HATI-HATI - KURANGI KECEPATAN,1.13,0.91,0.45,person
15:32:18,8.51,STOP - JALAN TERBLOKIR,1.23,0.76,0.46,person
15:32:18,8.47,STOP - JALAN TERBLOKIR,1.15,0.79,0.48,person
15:32:18,8.37,STOP - JALAN TERBLOKIR,1.24,0.75,0.5,"cell phone, person"
15:32:18,7.78,STOP - JALAN TERBLOKIR,1.27,0.78,0.46,person
15:32:18,8.05,HATI-HATI - KURANGI KECEPATAN,1.2,0.84,0.44,person
15:32:18,8.66,HATI-HATI - KURANGI KECEPATAN,1.14,0.82,0.47,person
15:32:18,7.12,HATI-HATI - KURANGI KECEPATAN,1.19,0.83,0.49,person
15:32:18,7.81,HATI-HATI - KURANGI KECEPATAN,1.2,0.82,0.47,person
15:32:19,8.3,HATI-HATI - KURANGI KECEPATAN,1.24,0.93,0.45,person
15:32:19,8.66,HATI-HATI - KURANGI KECEPATAN,1.24,0.89,0.46,person
15:32:19,8.65,HATI-HATI - KURANGI KECEPATAN,1.17,0.85,0.47,person
15:32:19,7.47,STOP - JALAN TERBLOKIR,1.11,0.75,0.46,person
15:32:19,7.55,STOP - JALAN TERBLOKIR,1.01,0.74,0.45,person
15:32:19,8.33,STOP - JALAN TERBLOKIR,1.1,0.73,0.44,person
15:32:19,7.78,HATI-HATI - KURANGI KECEPATAN,1.35,1.07,0.45,person
15:32:20,8.03,HATI-HATI - KURANGI KECEPATAN,1.31,1.11,0.44,person
15:32:20,7.72,HATI-HATI - KURANGI KECEPATAN,1.53,1.12,0.44,None
15:32:20,7.43,HATI-HATI - KURANGI KECEPATAN,1.43,1.21,0.44,person
15:32:20,8.0,HATI-HATI - KURANGI KECEPATAN,1.4,1.12,0.46,"umbrella, person"
15:32:20,9.3,STOP - JALAN TERBLOKIR,1.08,0.75,0.52,"umbrella, person"
15:32:20,7.59,STOP - JALAN TERBLOKIR,1.04,0.69,0.48,person
15:32:20,8.0,STOP - JALAN TERBLOKIR,1.05,0.56,0.64,person
15:32:20,8.3,STOP - JALAN TERBLOKIR,0.99,0.55,0.64,person
15:32:21,7.78,STOP - JALAN TERBLOKIR,1.15,0.53,0.64,"cell phone, person"
15:32:21,7.93,STOP - JALAN TERBLOKIR,1.18,0.51,0.71,person
15:32:21,8.37,STOP - JALAN TERBLOKIR,1.22,0.46,0.62,person
15:32:21,9.0,STOP - JALAN TERBLOKIR,1.03,0.47,0.62,person
15:32:21,8.13,STOP - JALAN TERBLOKIR,1.05,0.49,0.88,person
15:32:21,7.41,STOP - JALAN TERBLOKIR,1.3,0.48,0.82,person
15:32:21,8.47,STOP - JALAN TERBLOKIR,1.11,0.48,0.84,person
15:32:22,7.93,STOP - JALAN TERBLOKIR,1.11,0.76,0.78,umbrella
15:32:22,7.9,STOP - JALAN TERBLOKIR,1.13,0.49,0.86,person
15:32:22,8.51,STOP - JALAN TERBLOKIR,1.2,0.55,0.83,person
15:32:22,7.82,STOP - JALAN TERBLOKIR,1.16,0.6,0.82,None
15:32:22,7.53,STOP - JALAN TERBLOKIR,0.83,0.58,0.81,person
15:32:22,7.97,STOP - JALAN TERBLOKIR,0.61,0.46,0.76,"cell phone, person"
15:32:22,8.37,STOP - JALAN TERBLOKIR,0.69,0.47,0.64,"cell phone, person"
15:32:22,7.49,STOP - JALAN TERBLOKIR,0.6,0.47,0.65,"cell phone, person"
15:32:23,8.89,STOP - JALAN TERBLOKIR,0.65,0.49,0.72,"cell phone, person"
15:32:23,8.3,STOP - JALAN TERBLOKIR,0.6,0.49,0.69,"cell phone, person"
15:32:23,8.16,STOP - JALAN TERBLOKIR,0.85,0.5,0.63,"cell phone, person"
15:32:23,8.3,STOP - JALAN TERBLOKIR,0.94,0.48,0.67,"cell phone, person"
15:32:23,7.93,STOP - JALAN TERBLOKIR,0.88,0.48,0.75,person
15:32:23,7.32,STOP - JALAN TERBLOKIR,0.93,0.49,0.74,"cell phone, person"
15:32:23,7.9,STOP - JALAN TERBLOKIR,0.87,0.49,0.79,person
15:32:24,7.66,STOP - JALAN TERBLOKIR,0.85,0.46,0.71,"cell phone, person"
15:32:24,7.38,STOP - JALAN TERBLOKIR,0.94,0.46,0.79,"cell phone, person"
15:32:24,7.75,STOP - JALAN TERBLOKIR,0.86,0.47,0.67,person
15:32:24,7.02,STOP - JALAN TERBLOKIR,1.04,0.49,0.67,person
15:32:24,7.04,STOP - JALAN TERBLOKIR,0.59,0.52,0.67,"cell phone, person"
15:32:24,8.37,STOP - JALAN TERBLOKIR,1.21,0.53,0.61,person
15:32:24,8.1,STOP - JALAN TERBLOKIR,1.23,0.52,0.64,person
15:32:25,8.51,STOP - JALAN TERBLOKIR,1.28,0.53,0.56,person
15:32:25,7.55,STOP - JALAN TERBLOKIR,1.22,0.52,0.58,"cell phone, person"
15:32:25,7.44,STOP - JALAN TERBLOKIR,1.16,0.52,0.64,"cell phone, person"
15:32:25,7.84,STOP - JALAN TERBLOKIR,1.26,0.52,0.55,"cell phone, person"
15:32:25,9.13,STOP - JALAN TERBLOKIR,1.18,0.54,0.57,"cell phone, person"
15:32:25,7.9,STOP - JALAN TERBLOKIR,1.21,0.53,0.61,"cell phone, person"
15:32:25,8.03,STOP - JALAN TERBLOKIR,1.39,0.52,0.63,person
15:32:25,8.16,STOP - JALAN TERBLOKIR,1.48,0.51,0.58,person
15:32:26,8.03,STOP - JALAN TERBLOKIR,1.05,0.48,0.53,person
15:32:26,7.78,STOP - JALAN TERBLOKIR,0.52,0.45,0.74,person
15:32:26,7.78,STOP - JALAN TERBLOKIR,0.47,0.46,0.71,person
15:32:26,7.78,STOP - JALAN TERBLOKIR,0.47,0.52,0.71,None
15:32:26,8.67,STOP - JALAN TERBLOKIR,0.47,0.58,0.65,person
15:32:26,7.75,STOP - JALAN TERBLOKIR,0.45,0.59,0.54,None
15:32:26,8.1,STOP - JALAN TERBLOKIR,0.43,0.59,0.54,None
15:32:27,8.44,STOP - JALAN TERBLOKIR,0.43,0.62,0.59,None
15:32:27,7.14,STOP - JALAN TERBLOKIR,0.43,0.58,0.52,person
15:32:27,7.33,STOP - JALAN TERBLOKIR,0.43,0.64,0.55,None
15:32:27,7.29,STOP - JALAN TERBLOKIR,0.45,0.68,0.53,None
15:32:27,7.97,STOP - JALAN TERBLOKIR,0.43,0.65,0.51,person
15:32:27,8.66,STOP - JALAN TERBLOKIR,0.43,0.7,0.49,person
15:32:27,8.54,STOP - JALAN TERBLOKIR,0.43,0.66,0.47,None
15:32:28,7.55,STOP - JALAN TERBLOKIR,0.42,0.74,0.49,None
15:32:28,7.97,STOP - JALAN TERBLOKIR,0.42,0.55,0.53,None
15:32:28,8.06,STOP - JALAN TERBLOKIR,0.44,0.56,0.51,None
15:32:28,7.84,STOP - JALAN TERBLOKIR,0.43,0.53,0.58,None
15:32:28,7.52,STOP - JALAN TERBLOKIR,0.42,0.59,0.56,None
15:32:28,6.78,STOP - JALAN TERBLOKIR,0.42,0.67,0.5,person
15:32:28,8.1,STOP - JALAN TERBLOKIR,0.42,0.57,0.55,None
15:32:29,8.51,STOP - JALAN TERBLOKIR,0.43,0.57,0.59,person
15:32:29,8.97,STOP - JALAN TERBLOKIR,0.44,0.61,0.57,None
15:32:29,8.73,STOP - JALAN TERBLOKIR,0.42,0.53,0.56,None
15:32:29,8.51,STOP - JALAN TERBLOKIR,0.41,0.52,0.54,None
15:32:29,8.16,STOP - JALAN TERBLOKIR,0.4,0.63,0.68,None
15:32:29,8.58,STOP - JALAN TERBLOKIR,0.43,0.58,0.48,person
15:32:29,7.97,STOP - JALAN TERBLOKIR,0.44,0.77,0.49,person
15:32:29,7.72,STOP - JALAN TERBLOKIR,0.44,0.57,0.5,person
15:32:30,8.51,STOP - JALAN TERBLOKIR,0.37,0.71,0.81,None
15:32:30,8.24,HATI-HATI - KURANGI KECEPATAN,0.67,1.04,0.6,None
15:32:30,8.54,HATI-HATI - KURANGI KECEPATAN,0.37,0.96,0.52,person
15:32:30,8.55,HATI-HATI - KURANGI KECEPATAN,0.62,0.8,0.55,person
15:32:30,7.66,STOP - JALAN TERBLOKIR,0.85,0.74,0.56,None
15:32:30,7.89,STOP - JALAN TERBLOKIR,0.67,0.63,0.63,person
15:32:30,8.37,STOP - JALAN TERBLOKIR,0.49,0.6,0.64,person
15:32:30,8.01,STOP - JALAN TERBLOKIR,0.41,0.67,0.59,person
15:32:31,7.63,STOP - JALAN TERBLOKIR,0.41,0.65,0.57,person
15:32:31,8.3,HATI-HATI - KURANGI KECEPATAN,0.38,0.95,0.54,person
15:32:31,7.32,HATI-HATI - KURANGI KECEPATAN,0.99,0.99,0.67,cat
15:32:31,7.87,HATI-HATI - KURANGI KECEPATAN,1.26,0.94,0.71,cat
15:32:31,8.85,HATI-HATI - KURANGI KECEPATAN,1.37,0.97,0.74,person
15:32:31,7.9,HATI-HATI - KURANGI KECEPATAN,1.22,0.94,0.64,person
15:32:31,8.11,HATI-HATI - KURANGI KECEPATAN,1.1,0.91,0.85,person
15:32:32,8.23,HATI-HATI - KURANGI KECEPATAN,1.08,0.82,0.87,None
15:32:32,8.89,HATI-HATI - KURANGI KECEPATAN,1.23,0.94,0.89,cat
15:32:32,7.38,HATI-HATI - KURANGI KECEPATAN,1.16,1.05,0.94,None
15:32:32,8.89,HATI-HATI - KURANGI KECEPATAN,1.21,0.92,0.82,None
15:32:32,6.95,HATI-HATI - KURANGI KECEPATAN,1.33,0.97,0.86,cat
15:32:32,7.87,STOP - JALAN TERBLOKIR,1.2,0.8,0.57,cat
15:32:32,7.19,HATI-HATI - KURANGI KECEPATAN,1.43,1.04,0.61,"dog, cat, person"
15:32:33,9.31,HATI-HATI - KURANGI KECEPATAN,1.18,0.89,0.74,person
15:32:33,8.23,HATI-HATI - KURANGI KECEPATAN,1.37,1.1,0.52,"dog, person"
15:32:33,9.3,HATI-HATI - KURANGI KECEPATAN,1.33,1.01,0.56,person
15:32:33,7.38,HATI-HATI - KURANGI KECEPATAN,1.69,1.42,0.45,"cat, person"
15:32:33,7.84,HATI-HATI - KURANGI KECEPATAN,1.45,1.21,0.5,person
15:32:33,8.66,STOP - AMBIL KIRI,1.53,0.72,0.76,"umbrella, person"
15:32:33,7.84,STOP - JALAN TERBLOKIR,1.26,0.53,0.99,person
15:32:33,7.77,STOP - JALAN TERBLOKIR,1.3,0.56,1.01,person
15:32:34,7.78,STOP - JALAN TERBLOKIR,1.16,0.5,0.91,person
15:32:34,8.89,STOP - JALAN TERBLOKIR,1.09,0.53,1.15,"umbrella, cell phone, person"
15:32:34,7.66,STOP - JALAN TERBLOKIR,0.92,0.56,1.21,person
15:32:34,8.03,HATI-HATI - KURANGI KECEPATAN,0.66,0.86,1.4,"umbrella, cell phone, person"
15:32:34,8.38,HATI-HATI - KURANGI KECEPATAN,0.65,1.03,1.18,person
15:32:34,8.58,HATI-HATI - KURANGI KECEPATAN,0.58,0.99,1.29,person
15:32:34,8.3,HATI-HATI - KURANGI KECEPATAN,0.61,1.46,1.69,person
15:32:34,8.51,HATI-HATI - KURANGI KECEPATAN,0.52,1.3,1.6,person
15:32:35,7.93,HATI-HATI - KURANGI KECEPATAN,0.53,1.32,1.61,person
15:32:35,8.1,HATI-HATI - KURANGI KECEPATAN,0.53,1.21,1.6,person
15:32:35,7.78,HATI-HATI - KURANGI KECEPATAN,0.51,1.17,1.42,person
15:32:35,7.9,HATI-HATI - KURANGI KECEPATAN,0.5,1.15,1.46,person
15:32:35,7.44,HATI-HATI - KURANGI KECEPATAN,0.49,1.09,1.39,person
15:32:35,8.4,HATI-HATI - KURANGI KECEPATAN,0.51,1.05,1.27,person
15:32:35,7.9,HATI-HATI - KURANGI KECEPATAN,0.49,1.09,1.44,"cell phone, person"
15:32:36,7.86,STOP - AMBIL KANAN,0.48,0.54,1.56,person
15:32:36,9.19,STOP - AMBIL KANAN,0.5,0.54,1.61,person
15:32:36,9.22,STOP - AMBIL KANAN,0.48,0.51,1.7,person
15:32:36,8.51,STOP - AMBIL KANAN,0.45,0.49,1.67,person
15:32:36,7.96,STOP - AMBIL KANAN,0.44,0.46,1.73,person
15:32:36,9.05,STOP - AMBIL KANAN,0.48,0.49,1.81,person
15:32:36,8.37,STOP - AMBIL KANAN,0.46,0.48,1.93,person
15:32:36,8.89,STOP - AMBIL KANAN,0.47,0.5,1.55,person
15:32:37,8.13,STOP - JALAN TERBLOKIR,0.47,0.49,1.46,person
15:32:37,7.38,STOP - AMBIL KANAN,0.49,0.52,1.76,person
15:32:37,7.86,STOP - AMBIL KANAN,0.47,0.58,2.84,person
15:32:37,7.09,STOP - AMBIL KANAN,0.46,0.49,2.0,person
15:32:37,6.87,STOP - JALAN TERBLOKIR,0.62,0.51,1.26,person
15:32:37,7.27,STOP - JALAN TERBLOKIR,1.0,0.46,0.7,None
15:32:38,7.15,STOP - JALAN TERBLOKIR,1.28,0.61,0.54,person
15:32:38,6.59,STOP - AMBIL KIRI,1.54,0.75,0.5,person
15:32:38,7.03,HATI-HATI - KURANGI KECEPATAN,1.4,0.86,0.51,person
15:32:38,7.81,STOP - JALAN TERBLOKIR,1.43,0.53,0.54,person
15:32:38,8.03,STOP - JALAN TERBLOKIR,1.45,0.5,0.9,"umbrella, person"
15:32:38,7.32,STOP - AMBIL KIRI,1.61,0.49,0.84,person
15:32:38,7.72,STOP - AMBIL KIRI,1.65,0.49,1.03,"umbrella, person"
15:32:39,8.03,STOP - AMBIL KIRI,1.51,0.5,0.97,person
15:32:39,7.6,STOP - JALAN TERBLOKIR,1.4,0.5,1.05,"umbrella, person"
15:32:39,7.57,STOP - AMBIL KIRI,1.51,0.51,1.06,person
15:32:39,6.92,STOP - AMBIL KIRI,1.53,0.51,1.1,"umbrella, person"
15:32:39,7.45,STOP - AMBIL KIRI,1.76,0.51,1.21,person
15:32:39,7.55,STOP - AMBIL KIRI,1.69,0.52,1.14,person
15:32:39,8.23,STOP - AMBIL KIRI,1.65,0.51,1.05,person
15:32:40,7.55,STOP - AMBIL KIRI,1.54,0.54,1.01,person
15:32:40,8.3,STOP - JALAN TERBLOKIR,1.5,0.54,0.98,person
15:32:40,7.91,STOP - JALAN TERBLOKIR,1.19,0.54,0.92,"umbrella, person"
15:32:40,8.73,STOP - AMBIL KIRI,1.54,0.53,1.0,person
15:32:40,8.97,STOP - AMBIL KIRI,1.75,0.51,1.03,person
15:32:40,8.66,STOP - AMBIL KIRI,1.58,0.54,1.0,person
15:32:40,8.33,STOP - AMBIL KIRI,1.58,0.53,1.07,person
15:32:40,8.89,STOP - AMBIL KIRI,1.79,0.53,1.03,person
15:32:41,8.47,STOP - JALAN TERBLOKIR,1.36,0.53,1.03,"umbrella, person"
15:32:41,8.66,STOP - JALAN TERBLOKIR,1.43,0.54,0.96,person
15:32:41,8.69,STOP - AMBIL KIRI,1.64,0.52,1.12,person
15:32:41,7.84,STOP - AMBIL KIRI,1.6,0.54,1.11,person
15:32:41,7.84,STOP - AMBIL KIRI,1.82,0.56,1.02,person
15:32:41,7.43,STOP - AMBIL KIRI,1.67,0.53,1.01,person
15:32:41,7.27,STOP - JALAN TERBLOKIR,1.43,0.53,1.01,person
15:32:42,7.57,STOP - AMBIL KIRI,1.58,0.53,1.1,person
15:32:42,7.97,STOP - AMBIL KIRI,1.65,0.53,1.08,person
15:32:42,9.05,STOP - AMBIL KIRI,1.74,0.52,1.06,person
15:32:42,9.01,STOP - AMBIL KIRI,1.53,0.52,1.08,person
15:32:42,9.75,STOP - AMBIL KIRI,1.54,0.53,1.03,person
15:32:42,8.44,STOP - JALAN TERBLOKIR,1.46,0.53,1.0,person
15:32:42,8.3,STOP - AMBIL KIRI,1.54,0.51,1.14,person
15:32:42,8.73,STOP - AMBIL KIRI,1.53,0.56,1.03,person
15:32:43,7.97,STOP - AMBIL KIRI,1.55,0.54,1.02,person
15:32:43,8.16,STOP - AMBIL KIRI,1.55,0.54,1.02,person
15:32:43,6.8,STOP - AMBIL KIRI,1.67,0.51,1.0,person
15:32:43,8.12,STOP - AMBIL KIRI,1.81,0.53,1.1,person
15:32:43,7.62,STOP - JALAN TERBLOKIR,1.22,0.51,0.73,person
15:32:43,7.89,STOP - JALAN TERBLOKIR,1.24,0.48,0.87,person
15:32:43,7.72,STOP - JALAN TERBLOKIR,1.23,0.46,0.96,person
15:32:44,7.97,STOP - JALAN TERBLOKIR,0.86,0.49,1.11,person
15:32:44,7.66,STOP - JALAN TERBLOKIR,0.64,0.51,1.01,person
15:32:44,9.21,STOP - AMBIL KANAN,0.5,0.52,1.51,person
15:32:44,7.89,STOP - AMBIL KANAN,0.52,0.53,1.6,person
15:32:44,8.97,STOP - AMBIL KANAN,0.47,0.52,1.59,person
15:32:44,7.56,STOP - AMBIL KANAN,0.49,0.53,1.52,person
15:32:44,7.41,STOP - AMBIL KANAN,0.51,0.55,1.5,person
15:32:44,7.97,STOP - AMBIL KANAN,0.52,0.57,1.59,person
15:32:45,7.78,STOP - AMBIL KANAN,0.49,0.53,1.57,person
15:32:45,7.78,STOP - AMBIL KANAN,0.51,0.54,1.72,person
15:32:45,8.81,STOP - AMBIL KANAN,0.53,0.59,1.63,person
15:32:45,8.37,STOP - AMBIL KANAN,0.51,0.56,1.61,person
15:32:45,8.0,STOP - AMBIL KANAN,0.53,0.58,1.53,person
15:32:45,7.49,STOP - AMBIL KANAN,0.5,0.59,1.6,person
15:32:45,8.66,STOP - AMBIL KANAN,0.51,0.54,1.52,person
15:32:46,7.87,STOP - AMBIL KANAN,0.53,0.57,1.54,person
15:32:46,8.37,STOP - AMBIL KANAN,0.52,0.58,1.67,person
15:32:46,7.66,STOP - JALAN TERBLOKIR,0.49,0.5,1.34,person
15:32:46,8.81,STOP - JALAN TERBLOKIR,0.53,0.53,1.36,person
15:32:46,8.51,STOP - JALAN TERBLOKIR,0.72,0.5,1.11,person
15:32:46,8.3,STOP - JALAN TERBLOKIR,1.2,0.45,1.13,None
15:32:46,7.97,STOP - JALAN TERBLOKIR,1.14,0.47,0.98,person
15:32:47,6.6,STOP - JALAN TERBLOKIR,1.09,0.5,0.51,person
15:32:47,7.63,STOP - AMBIL KIRI,1.81,0.48,1.19,person
15:32:47,7.84,STOP - AMBIL KIRI,1.78,0.49,1.11,person
15:32:47,7.3,STOP - JALAN TERBLOKIR,1.35,0.53,1.45,person
15:32:47,8.1,STOP - AMBIL KIRI,1.55,0.51,1.51,person
15:32:47,8.1,STOP - AMBIL KIRI,1.92,0.47,1.34,"umbrella, person"
15:32:47,7.72,STOP - AMBIL KIRI,1.99,0.48,1.34,person
15:32:47,8.26,STOP - JALAN TERBLOKIR,1.34,0.5,0.52,person
15:32:48,7.69,STOP - AMBIL KIRI,1.77,0.45,1.47,person
15:32:48,8.51,STOP - AMBIL KIRI,1.61,0.42,1.41,"remote, person"
15:32:48,9.3,STOP - AMBIL KIRI,1.83,0.45,1.42,person
15:32:48,8.61,STOP - AMBIL KIRI,1.75,0.45,1.43,"umbrella, person"
15:32:48,8.93,STOP - AMBIL KIRI,1.68,0.45,1.59,person
15:32:48,8.81,STOP - AMBIL KIRI,1.81,0.47,1.65,person
15:32:48,8.12,STOP - AMBIL KIRI,1.75,0.45,1.42,person
15:32:49,8.54,STOP - AMBIL KIRI,1.81,0.48,1.41,person
15:32:49,7.75,STOP - AMBIL KIRI,1.68,0.45,1.42,person
15:32:49,8.16,STOP - AMBIL KIRI,1.8,0.45,1.52,person
15:32:49,7.87,STOP - AMBIL KIRI,1.61,0.43,1.52,person
15:32:49,8.16,STOP - AMBIL KANAN,1.75,0.44,1.79,person
15:32:49,7.43,STOP - AMBIL KIRI,2.13,0.46,1.74,person
15:32:49,8.58,STOP - AMBIL KIRI,2.05,0.47,1.5,person
15:32:49,7.78,STOP - AMBIL KIRI,1.85,0.44,1.54,person
15:32:50,6.94,STOP - AMBIL KIRI,1.68,0.48,1.6,person
15:32:50,8.58,STOP - AMBIL KIRI,1.81,0.45,1.36,person
15:32:50,7.55,STOP - AMBIL KIRI,1.85,0.43,1.58,person
15:32:50,9.39,STOP - AMBIL KIRI,1.93,0.45,1.65,person
15:32:50,8.88,STOP - AMBIL KANAN,1.65,0.44,1.71,person
15:32:50,8.51,STOP - AMBIL KANAN,1.61,0.44,1.67,person
15:32:50,8.73,STOP - AMBIL KIRI,1.76,0.43,1.64,person
15:32:51,9.09,STOP - AMBIL KIRI,1.73,0.42,1.58,person
15:32:51,9.34,STOP - AMBIL KIRI,1.64,0.45,1.5,person
15:32:51,6.73,STOP - AMBIL KIRI,1.78,0.46,1.65,person
15:32:51,7.35,STOP - AMBIL KIRI,1.91,0.44,1.53,person
15:32:51,7.97,STOP - AMBIL KIRI,1.9,0.44,1.42,person
15:32:51,7.72,STOP - AMBIL KIRI,1.71,0.46,1.37,person
15:32:51,8.37,STOP - AMBIL KIRI,1.73,0.44,1.51,person
15:32:51,7.27,STOP - AMBIL KIRI,1.94,0.46,1.58,person
15:32:52,7.97,STOP - AMBIL KIRI,1.75,0.48,1.39,person
15:32:52,8.97,STOP - AMBIL KIRI,2.03,0.46,1.42,person
15:32:52,7.97,STOP - AMBIL KIRI,1.88,0.45,1.52,person
15:32:52,9.57,STOP - AMBIL KIRI,1.59,0.47,1.38,person
15:32:52,9.23,STOP - AMBIL KIRI,1.72,0.44,1.64,person
15:32:52,9.3,STOP - AMBIL KIRI,1.77,0.45,1.47,person
15:32:52,8.97,STOP - AMBIL KIRI,1.93,0.45,1.6,person
15:32:52,9.39,STOP - AMBIL KIRI,1.97,0.46,1.48,person
15:32:53,8.37,STOP - AMBIL KIRI,1.98,0.46,1.73,person
15:32:53,7.52,STOP - AMBIL KIRI,1.72,0.46,1.49,person
15:32:53,8.3,STOP - AMBIL KANAN,1.53,0.46,1.65,person
15:32:53,7.38,STOP - AMBIL KIRI,1.91,0.45,1.55,"umbrella, person"
15:32:53,7.69,STOP - AMBIL KANAN,1.59,0.44,1.66,person
15:32:53,7.97,STOP - AMBIL KIRI,1.9,0.45,1.66,person
15:32:53,8.0,STOP - AMBIL KIRI,1.62,0.45,1.6,person
15:32:54,8.16,STOP - AMBIL KIRI,1.75,0.44,1.73,person
15:32:54,7.63,STOP - JALAN TERBLOKIR,1.46,0.45,0.49,person
15:32:54,8.09,STOP - AMBIL KIRI,1.89,0.48,1.64,person
15:32:54,8.38,STOP - AMBIL KIRI,2.13,0.48,1.63,"umbrella, person"
15:32:54,8.4,STOP - AMBIL KIRI,2.12,0.48,1.58,person
15:32:54,7.97,STOP - AMBIL KIRI,1.65,0.48,1.35,person
15:32:54,7.67,STOP - AMBIL KANAN,1.31,0.5,1.56,"cell phone, person"
15:32:54,9.22,STOP - AMBIL KANAN,1.35,0.5,1.51,"cell phone, person"
15:32:55,9.05,STOP - AMBIL KANAN,0.75,0.5,1.54,"cell phone, person"
15:32:55,7.42,STOP - AMBIL KIRI,1.8,0.5,1.19,person
15:32:55,8.51,STOP - AMBIL KIRI,1.67,0.5,0.7,person
15:32:55,7.49,STOP - AMBIL KIRI,1.67,0.51,0.63,person
15:32:55,7.9,STOP - JALAN TERBLOKIR,0.9,0.46,0.49,"cell phone, person"
15:32:55,7.72,STOP - JALAN TERBLOKIR,1.28,0.49,0.71,"cell phone, person"
15:32:55,7.84,STOP - JALAN TERBLOKIR,1.17,0.48,0.57,"cell phone, person"
15:32:56,7.94,STOP - AMBIL KIRI,1.68,0.5,0.63,person
15:32:56,8.23,STOP - JALAN TERBLOKIR,1.18,0.49,0.62,"cell phone, person"
15:32:56,8.66,STOP - JALAN TERBLOKIR,0.81,0.49,0.67,"cell phone, person"
15:32:56,8.13,STOP - JALAN TERBLOKIR,1.38,0.5,1.17,person
15:32:56,9.05,STOP - AMBIL KANAN,1.34,0.47,1.82,person
15:32:56,8.72,STOP - AMBIL KIRI,1.69,0.51,1.65,person
15:32:56,8.16,STOP - AMBIL KANAN,1.45,0.52,1.68,person
15:32:56,8.37,STOP - AMBIL KANAN,1.69,0.49,1.95,person
15:32:57,7.12,STOP - AMBIL KANAN,1.97,0.49,2.16,person
15:32:57,7.11,STOP - AMBIL KANAN,1.02,0.49,2.02,"cell phone, person"
15:32:57,7.32,STOP - AMBIL KANAN,1.7,0.49,1.85,person
15:32:57,8.1,STOP - AMBIL KANAN,1.6,0.49,1.96,person
15:32:57,8.14,STOP - AMBIL KANAN,1.67,0.52,1.72,person
15:32:57,7.33,STOP - AMBIL KANAN,1.61,0.5,1.7,person
15:32:57,7.72,STOP - AMBIL KANAN,1.58,0.52,2.06,"umbrella, person"
15:32:58,7.76,STOP - AMBIL KIRI,2.02,0.51,1.82,person
15:32:58,8.37,STOP - AMBIL KIRI,1.97,0.5,1.77,person
15:32:58,9.08,STOP - AMBIL KIRI,2.04,0.51,1.78,person
